Media Filename,Media Caption
media/89771AE4-9825-41F3-AA75-D78D534377B4.jpg,""
media/40AA3D07-EF5A-440A-9757-9D33F1C401FF.jpg,""
media/BE6E20F6-EEF3-44A7-9250-F2CD48B8EBAF.jpg,""
media/06E0B049-B1D6-424E-BE2B-9C12CA140889.jpg,""
media/A1ED8916-361D-4481-BB2E-EE531DC4C1CA.jpg,""
media/873D9427-CC20-42A2-B408-FD0EC1F96064.jpg,""
media/24B7617A-A992-446E-AFD9-C010217DC41C.jpg,""
media/0D4AD288-B14D-40A3-B77B-7EA7B098CB5F.jpg,""
media/C828D75F-C383-4F93-9E05-8E582B156FA9.jpg,""
media/F70B3852-06C6-47FA-BBC6-666B895BD445.jpg,""
media/6B4277FB-E870-4DAA-864D-186C3522B2F5.jpg,""
media/7A86F434-5D25-469B-B4EB-A387175B9650.jpg,""
media/7F098633-AC91-448E-8D55-6AA32A5BD733.jpg,""
media/8D66D7F0-9CA8-48A9-8DAB-0120B8FD3F01.jpg,""
media/54D8E387-CC47-4613-AA1B-1FD855E074A1.jpg,""
media/9217416F-4B4F-4912-BA60-FF03E5788307.jpg,""
media/C72C59D0-2E65-4EEB-991A-D5244E39BA8F.jpg,""
media/690F84A6-F3F9-4994-9659-71779EA30D4A.jpg,""
media/30A326B7-8271-4A9B-8540-5CAB5E97709A.jpg,""
media/A338C63B-3E4B-4A76-B37B-C68F9A3A1288.jpg,""
media/219969AF-9793-4944-9AA4-026D62209CDB.jpg,""
media/9EEFEA9F-DC36-476E-B117-E390368624B0.jpg,""
media/B2144253-B293-48C4-8D71-6549942375AC.jpg,""
media/FABFA0F9-8B0B-425E-8B7D-A66611ECC20E.jpg,""
media/CCB755C9-EAC1-4858-829E-18CB90CAD1E2.jpg,""
media/1E4B5731-F112-4237-8CC1-CF875411B2EE.jpg,""
media/D17B2DE9-4A3B-460C-8833-CC7278AB5F51.jpg,""
media/D7F92604-CB48-4986-88E8-E3D18BC60FD5.jpg,""
media/7594FC31-E74A-4D9F-950F-6B7A552CB29E.jpg,""
media/9F69218C-79A8-4225-AFCA-BCDFEB170120.jpg,""
media/B788D3C0-1DE3-4FE8-8BD1-1AADA2EC86B2.jpg,""
media/447F9A4E-7059-415D-8193-33DAA17447AE.jpg,""
media/EA36FD30-B0FE-48F8-B0F4-62654B12DB73.jpg,""
media/8D7A2B7D-1298-4547-81EB-E8111FD2F7A9.jpg,""
media/8AA86DAA-A479-4DB0-8122-8BA56A7D0B73.jpg,""
media/9E52017A-1458-4D8E-9FE8-7A924E8C2328.jpg,""
media/2BC931EF-D6D1-4202-A123-292B2A9B451E.jpg,""
media/DC518E20-F226-4E5B-B881-8E15F76E04E3.jpg,""
media/38835842-7637-423C-99A5-22CF1F3AF439.jpg,""
media/F076B0D8-4BAF-4FC6-91DD-52303C3ED39B.jpg,""
media/06C11A0A-63BA-406E-BB9B-D8271652FB83.jpg,""
media/811A8F21-D341-4E56-A363-2E1EC56E9182.jpg,""
media/7679FD85-AE69-48F4-92A4-5561F0FC0A0F.jpg,""
media/F0532232-BBAD-4544-8390-60966EB81765.jpg,""
media/7D9144B0-0F7D-456C-94E4-2E43DD8E120F.jpg,""
media/D69A7C6B-FB44-41C8-9CF3-4DEB3A225279.jpg,""
media/61C984FD-BD1E-4125-A7FC-E074681F0BDD.jpg,""
media/37118F52-6E3A-45B1-AFB0-23D6D414B0D0.jpg,""
